id,name,focus,scu,size,crew,flight_ready,image_url,brand_id
15,Avenger Warlock,INTERDICTION,0,Small,1,true,"https://robertsspaceindustries.com/i/b93bc9789afd0d3c79061582aeeb15fe84f6851e/resize(1820,1024,cover,ADdPNihJzmPbNuTnFsH1DqUeqBRpXdSXVVtgJTyDDgscGKrzJuoFjResjdrHki5t8uUHTq8X74sN2QBB2BhVkJE8e)/source.webp",1
16,Eclipse,STEALTH BOMBER,0,Medium,1,true,"https://robertsspaceindustries.com/i/26b4339b2c3abfe986b38bcdb6f3394573891b8e/resize(1820,1024,cover,ADdPNihJzmPbNuTnFsH1DqUeqBRpXdSXVVtgJTyDDgscGKrzJuoFjResj1s8gewpqUNmaY5rDCxpDUA1NhMoiVrHt)/source.webp",1
19,Hammerhead,HEAVY GUN SHIP,0,Large,9,true,"https://robertsspaceindustries.com/i/2d1133694e11b92d0b4d3bc89887c2ce3c5dc403/resize(1820,1024,cover,ADdPNihJzmPbNuTnFsH1DqUeqBRpXdSXVVtgJTyDDgscGKrzJuoFjReskw8pF3smytMEoihUHnd7hNxebuVtB4znz)/source.webp",1
21,Idris-P,FRIGATE,0,Capital,28,true,"https://robertsspaceindustries.com/i/6e168e351f1e7634bec6f35fb73dca2d8b4ca900/resize(1820,1024,cover,ADdPNihJzmPbNuTnFsH1DqUeqBRpXdSXVVtgJTyDDgscGKrzJuoFjReskqY6z7TSDPHadnqPCeZCNtvaR4zHv7pkE)/source.webp",1
24,Nautilus Solstice Edition,MINELAYER,64,Large,4,false,"https://robertsspaceindustries.com/i/722e3fae113bff8da25fdc1548364efb6dcde748/resize(1820,1024,cover,ADdPNihJzmPbNuTnFsH1DqUeqBRpXdSXVVtgJTyDDgscGKrzJuoFjResjkHkFivXFNwMzRH2zpNDhn2HKZyoE4MCJ)/source.webp",1
26,Reclaimer,HEAVY SALVAGE,0,Large,5,true,"https://robertsspaceindustries.com/i/968b9b8cae35fba622a5356ee403a3db70f69db1/resize(1820,1024,cover,ADdPNihJzmPbNuTnFsH1DqUeqBRpXdSXVVtgJTyDDgscGKrzJuoFjResjkHit9pz2hMMvi7EmNgpfzTX1oMBWhjF4)/source.webp",1
27,Redeemer,GUNSHIP,2,Medium,3,true,"https://robertsspaceindustries.com/i/fe03b51830cefdc04ea512f9b6887837d02a52a6/resize(1820,1024,cover,hgjbks2vRxvijgZCkcudyey3yf2YnBqfanX6U636vzzNeeFdx43A2FpAtr4dce6zL9JH9YZyXwhA4VkD1n3fdHWi5t)/source.webp",1
20,Idris-M,FRIGATE,0,Capital,28,true,"https://robertsspaceindustries.com/i/e2ecd14ea7c53b404982a902d8fbca0e3020833c/resize(1820,1024,cover,hgjbks2vRxvijgZCkcudyey3yf2YnBqfanX6U636vzzNeeFdx43A2FpAZ49bpw6FiNoWgDAsBUvHcwx6yVRbszrCgE)/source.webp",1
23,Nautilus,MINELAYER,0,Large,8,false,"https://robertsspaceindustries.com/i/051670c059dacd122a5d9fb45b10f9471a5aab80/resize(1820,1024,cover,ADdPNihJzmPbNuTnFsH1DqUeqBRpXdSXVVtgJTyDDgscGKrzJuoFjResipDnNrrrz7nbvL1DVJLNr6dYAYCQ3zryk)/source.webp",1
17,Gladius,LIGHT FIGHTER,0,Small,1,true,"https://robertsspaceindustries.com/i/60415cc9954828896ce4495b34885d7e3a6951d9/resize(1820,1024,cover,ADdPNihJzmPbNuTnFsH1DqUeqBRpXdSXVVtgJTyDDgscGKrzJuoFjResieuRXVexPTjwdpMHEWo3saH7q2zcqCJWS)/source.webp",1
32,Sabre Peregrine,RACING,0,Small,1,true,"https://robertsspaceindustries.com/i/35d883574249067329350fcde8c2e021dd9941af/resize(1820,1024,cover,ADdPNihJzmPbNuTnFsH1DqUeqBRpXdSXVVtgJTyDDgscGKrzJuoFjResjYZJrcjGJae4CW9hJSNqZTu4MRVunMRxa)/source.webp",1
35,Vanguard Hoplite,DROPSHIP,0,Medium,1,true,"https://robertsspaceindustries.com/i/ddf87a3557d7974de14f100d5290431cc52f23f7/resize(1820,1024,cover,ADdPNihJzmPbNuTnFsH1DqUeqBRpXdSXVVtgJTyDDgscGKrzJuoFjReskMz76vuAhBK7HF2Vi7XtMGa1Y7NERvKjt)/source.webp",1
22,Javelin,DESTROYER,5400,Capital,12,false,"https://robertsspaceindustries.com/i/d06d02ee0e01ad6dcb16561795ae4cd8f87186a3/resize(1820,1024,cover,ADdPNihJzmPbNuTnFsH1DqUeqBRpXdSXVVtgJTyDDgscGKrzJuoFjResjvbX42c3rKWbDaqUyqNmKE6rWyf9aufLJ)/source.webp",1
13,Avenger Titan,LIGHT FREIGHT,0,Small,1,true,"https://robertsspaceindustries.com/i/4cddca806932fe6d4e4e8dc6f9e3d908e81cf46e/resize(1820,1024,cover,ADdPNihJzmPbNuTnFsH1DqUeqBRpXdSXVVtgJTyDDgscGKrzJuoFjResivggYNE4eG6QvxjvFyCFYpGdCAjcE8FWN)/source.webp",1
18,Gladius Valiant,LIGHT FIGHTER,0,Small,1,true,"https://robertsspaceindustries.com/i/536842fae187ad4bf028eb9f912db297e41c917a/resize(1820,1024,cover,ADdPNihJzmPbNuTnFsH1DqUeqBRpXdSXVVtgJTyDDgscGKrzJuoFjResjHxYqZhkCGAu3JFrXyZrgxc2yximhqvWa)/source.webp",1
33,Sabre Raven,INTERDICTION,0,Small,1,true,"https://robertsspaceindustries.com/i/aa25575d96fe5d62f91f1a36b34f6eff783d3f4d/resize(1820,1024,cover,KURpdqNCnKMLsybqPjbHVvMxEXVai8Bjx97Vw6TBjyceuLH3KFtv5Tcq576ymYZsV29ejnpe3n4SjeCWQmzR1rS2pe)/3_4_front_raven_blue_Enlarge_Crop.webp",1
34,Vanguard Harbinger,BOMBER,0,Medium,2,true,"https://robertsspaceindustries.com/i/5827d64995a2ea3f3e1418641f5570b8a1043612/resize(1820,1024,cover,ADdPNihJzmPbNuTnFsH1DqUeqBRpXdSXVVtgJTyDDgscGKrzJuoFjResj1xF7q7jf7jd79bnxNkSizmEWjeHmN7wC)/source.webp",1
14,Avenger Titan Renegade,LIGHT FREIGHT,0,Small,1,true,"https://robertsspaceindustries.com/i/25d4100099aa5f87bb7b36e06056bc4861ab28b8/resize(1820,1024,cover,ADdPNihJzmPbNuTnFsH1DqUeqBRpXdSXVVtgJTyDDgscGKrzJuoFjResjvbX7PuKjrhqxjGg8vwDFs77Wp7ieLKNv)/source.webp",1
12,Avenger Stalker,INTERDICTION,0,Small,1,true,"https://robertsspaceindustries.com/i/35de97c9cec2d6f665c9a8a5093ec9ad1b425fb5/resize(1820,1024,cover,ADdPNihJzmPbNuTnFsH1DqUeqBRpXdSXVVtgJTyDDgscGKrzJuoFjResf1RcQiMKS1d8aWg7DL1cTuRfHhVbh6JRC)/source.webp",1
38,Vulcan,MEDIUM REPAIR / MEDIUM REFUEL,12,Medium,1,false,"https://robertsspaceindustries.com/i/9e7e9b7b18f90777c9ab34b571dbacf470d78c52/resize(1820,1024,cover,ADdPNihJzmPbNuTnFsH1DqUeqBRpXdSXVVtgJTyDDgscGKrzJuoFjResejVm2oahKQbxntDyDipVCaX4byAbDNp6a)/source.webp",1
36,Vanguard Sentinel,INTERDICTION,0,Medium,2,true,"https://robertsspaceindustries.com/i/7cfa103b8d285fe680502316fdb6684a208e87a2/resize(1820,1024,cover,ADdPNihJzmPbNuTnFsH1DqUeqBRpXdSXVVtgJTyDDgscGKrzJuoFjReskTR6eaJfWreJS6tkpbG1L52GU8WeW2bfk)/source.webp",1
28,Retaliator,MODULAR GUNSHIP,0,Large,7,true,"https://robertsspaceindustries.com/i/b9b0878a9024d628a0a354fcf5e93019f7109618/resize(1820,1024,cover,ADdPNihJzmPbNuTnFsH1DqUeqBRpXdSXVVtgJTyDDgscGKrzJuoFjResjCdZHYHWjm6PDHXfWXZ5H5zaPpNaNWnkW)/source.webp",1
31,Sabre Firebird,MEDIUM FIGHTER,0,Medium,1,true,"https://robertsspaceindustries.com/i/f037fb320d24837acc6152657518d19f13a728c4/resize(1820,1024,cover,ADdPNihJzmPbNuTnFsH1DqUeqBRpXdSXVVtgJTyDDgscGKrzJuoFjResk7WF8gxQ2oWfEL4DujqfZsZJ6ADujSDF4)/source.webp",1
25,Pirate Gladius,LIGHT FIGHTER,0,Small,1,true,"https://robertsspaceindustries.com/i/b7e20a5d03590510387a8c49d09c7846c0265866/resize(1820,1024,cover,ADdPNihJzmPbNuTnFsH1DqUeqBRpXdSXVVtgJTyDDgscGKrzJuoFjResf15Krw6hXmbxWongmJxbMoKnJGMHJtPtz)/source.webp",1
30,Sabre Comet,MEDIUM FIGHTER,0,Small,1,true,"https://robertsspaceindustries.com/i/e0ba58229607b2f143a3413a60a115b37f154bda/resize(1820,1024,cover,ADdPNihJzmPbNuTnFsH1DqUeqBRpXdSXVVtgJTyDDgscGKrzJuoFjResejaqZiWqzJk1v9rhSh93faaUuRM5WPM98)/source.webp",1
29,Sabre,STEALTH FIGHTER,0,Small,1,true,"https://robertsspaceindustries.com/i/e780fce7b5bc3aef5d54ae873d1ae4ddbdadbbf6/resize(1820,1024,cover,hgjbks2vRxvijgZCkcudyey3yf2YnBqfanX6U636vzzNeeFdx43A2FpAZ7nnvLVtpHFMFWL7o7nMwTrRFj5ZVqWmvn)/source.webp",1
37,Vanguard Warden,HEAVY FIGHTER,0,Medium,2,true,"https://robertsspaceindustries.com/i/9e22a6d48ab6e41700b03715bdff21f3944596f3/resize(1820,1024,cover,ADdPNihJzmPbNuTnFsH1DqUeqBRpXdSXVVtgJTyDDgscGKrzJuoFjReskkCoaQ3hcYZfVfuw4ru7sC7dzNvKsbGXG)/source.webp",1
39,Arrow,LIGHT FIGHTER,0,Small,,true,"https://robertsspaceindustries.com/i/1f0868e6b7d6ee5d0f72cd5fd41063bec3fe7c76/resize(1820,1024,cover,ADdPNihJzmPbNuTnFsH1DqUeqBRpXdSXVVtgJTyDDgscGKrzJuoFjResjUCY424inopgLKcxbZLVecByFWiDge1gS)/source.webp",2
40,Asgard,DROPSHIP,180,Medium,1,true,"https://robertsspaceindustries.com/i/5c0b5f9604975d406c9c80c8facbad95ee5a0328/resize(1820,1024,cover,ADdPNihJzmPbNuTnFsH1DqUeqBRpXdSXVVtgJTyDDgscGKrzJuoFjResjHqQ7nzeWKNJC9PZ799uzA3LV8x15ssJv)/source.webp",2
41,Ballista,MILITARY,0,Small,2,true,"https://robertsspaceindustries.com/i/004b56fd94e9224b95646f683ac234cab884ee06/resize(1820,1024,cover,ADdPNihJzmPbNuTnFsH1DqUeqBRpXdSXVVtgJTyDDgscGKrzJuoFjResj76XQUHMro7sbhMTSrhqtrQngyMgUY8aA)/source.webp",2
42,C8 Pisces,EXPLORATION,0,Small,3,true,"https://robertsspaceindustries.com/i/9b1cff335e849bd1e463a1c8dcf28ec24fcb2fab/resize(1820,1024,cover,ADdPNihJzmPbNuTnFsH1DqUeqBRpXdSXVVtgJTyDDgscGKrzJuoFjResf1XNoTVqU1sjNSW7iPXBbXMdQEtc1QnwY)/source.webp",2
43,C8R Pisces,MEDICAL,0,Small,2,true,"https://robertsspaceindustries.com/i/33e033b9d65161a39ee2ed496c9ac2771427231e/resize(1820,1024,cover,ADdPNihJzmPbNuTnFsH1DqUeqBRpXdSXVVtgJTyDDgscGKrzJuoFjResjYUpdwY9hHjEgqpaExZb84z9p1hR5FWNa)/source.webp",2
44,C8X Pisces Expedition,EXPEDITION,0,Small,3,true,"https://robertsspaceindustries.com/i/69de38cb76d9cf625fa4ec27ba9bf741e6598e32/resize(1820,1024,cover,ADdPNihJzmPbNuTnFsH1DqUeqBRpXdSXVVtgJTyDDgscGKrzJuoFjResjZbCSUWdnfpmEffJvwzU9skusSz6GzjN6)/source.webp",2
45,Carrack,EXPEDITION,0,Large,6,true,"https://robertsspaceindustries.com/i/5a176dc57589f18effd841146ef5a37e88892aee/resize(1820,1024,cover,ADdPNihJzmPbNuTnFsH1DqUeqBRpXdSXVVtgJTyDDgscGKrzJuoFjResijpd9a1QppWGLqGr3g6nG4GJrw2mPpW4n)/source.webp",2
46,Carrack Expedition,EXPEDITION,0,Large,6,true,"https://robertsspaceindustries.com/i/9758689a17eb21a85421ebe1747bc2e330615d33/resize(1820,1024,cover,ADdPNihJzmPbNuTnFsH1DqUeqBRpXdSXVVtgJTyDDgscGKrzJuoFjResjCZuJSam4DYUukYVVwnHutdWNoyhkiTan)/source.webp",2
47,Centurion,COMBAT,0,Vehicle,1,true,"https://robertsspaceindustries.com/i/a4a0559e83591728407a892cd21076bfc8982d88/resize(1820,1024,cover,ADdPNihJzmPbNuTnFsH1DqUeqBRpXdSXVVtgJTyDDgscGKrzJuoFjReskZee9JyWzsJsLzWu91ohmowddjhZycyVx)/source.webp",2
48,Crucible,HEAVY REPAIR,240,Large,3,false,"https://robertsspaceindustries.com/i/415207b24baccbc8f9a292682fbdf01419ed3c97/resize(1820,1024,cover,ADdPNihJzmPbNuTnFsH1DqUeqBRpXdSXVVtgJTyDDgscGKrzJuoFjResk6HKtm3JvRDjnuPsnSY6b1Tac2Ltkg4Tp)/source.webp",2
49,F7A Hornet Mk I,MEDIUM FIGHTER,0,Small,1,true,"https://robertsspaceindustries.com/i/2d77988a760b1e23f2985c4144eab419a705bdc4/resize(1820,1024,cover,3abds8aDHwwnLnYHogqUezXg8uxGn1Eb9KfCSPw6SPCDCz9AgGhb6nkunkpt3yxAQxdbo4)/NewHornet_screen28.webp",2
50,F7A Hornet Mk II,MEDIUM FIGHTER,0,Small,1,true,"https://robertsspaceindustries.com/i/ad0b2e0535e7eda9930c02e5e6338662bf417587/resize(1820,1024,cover,ADdPNihJzmPbNuTnFsH1DqUeqBRpXdSXVVtgJTyDDgscGKrzJuoFjResj6zVVifHuf91B5XFQeSL3dKEdS5ru95An)/source.webp",2
51,F7C Hornet Mk I,MEDIUM FIGHTER,0,Small,1,true,"https://robertsspaceindustries.com/i/d7d165311c3e267b58c8e29713b0520de4708c0f/resize(1820,1024,cover,ADdPNihJzmPbNuTnFsH1DqUeqBRpXdSXVVtgJTyDDgscGKrzJuoFjReskP3AFfH3teR68rmh57wSBzmTxzMu3g72W)/source.webp",2
52,F7C Hornet Mk II,MEDIUM FIGHTER,0,Small,1,true,"https://robertsspaceindustries.com/i/11898460f6c81a86b36767241e96326ebd7e300f/resize(1820,1024,cover,ADdPNihJzmPbNuTnFsH1DqUeqBRpXdSXVVtgJTyDDgscGKrzJuoFjResjHymPx8r84PH9pB8dHUfSKxtsuxz3EFJE)/source.webp",2
53,F7C Hornet Wildfire Mk I,MEDIUM FIGHTER,0,Small,1,true,"https://robertsspaceindustries.com/i/9e720b90e0d17ff716543629745c48085120ccd9/resize(1820,1024,cover,ADdPNihJzmPbNuTnFsH1DqUeqBRpXdSXVVtgJTyDDgscGKrzJuoFjReseBrnAkkqry6NTco89YXxm7fiVePXmeG14)/source.webp",2
54,F7C-M Super Hornet Heartseeker Mk I,MEDIUM FIGHTER,0,Small,2,true,"https://robertsspaceindustries.com/i/1aae6c5e3cd205797eda041b6dd4085032b8753d/resize(1820,1024,cover,ADdPNihJzmPbNuTnFsH1DqUeqBRpXdSXVVtgJTyDDgscGKrzJuoFjResejFhFPaJXW9eWYg4EZ3DiiLfiG1H94aZC)/source.webp",2
55,F7C-M Super Hornet Mk I,MEDIUM FIGHTER,0,Small,2,true,"https://robertsspaceindustries.com/i/2bbd77da2b242dd2cc680b8dc693077b59308cf7/resize(1820,1024,cover,ADdPNihJzmPbNuTnFsH1DqUeqBRpXdSXVVtgJTyDDgscGKrzJuoFjResk22sDRRcjwtCehpyXnJhVE7ySLtuC3NMk)/source.webp",2
56,F7C-M Super Hornet Mk II,MEDIUM FIGHTER,0,Small,2,true,"https://robertsspaceindustries.com/i/aa2b3c767c2555caa89b0a0239aca9e63ef07a23/resize(1820,1024,cover,ADdPNihJzmPbNuTnFsH1DqUeqBRpXdSXVVtgJTyDDgscGKrzJuoFjResedtCVBuvj4aJo1EBhKirGcWN1xxtKGk8n)/source.webp",2
57,F7C-R Hornet Tracker Mk I,PATHFINDER,0,Small,1,true,"https://robertsspaceindustries.com/i/394b0101f3512d3b7b6414a6cf0ed3949fc1586a/resize(1820,1024,cover,ADdPNihJzmPbNuTnFsH1DqUeqBRpXdSXVVtgJTyDDgscGKrzJuoFjResijzE5e7KeCMw6zgFK6GYuS3kkyJqzYiNz)/source.webp",2
58,F7C-R Hornet Tracker Mk II,PATHFINDER,0,Small,1,true,"https://robertsspaceindustries.com/i/39cd372e488d85d551cb4cc8fa123e6636f3ca57/resize(1820,1024,cover,ADdPNihJzmPbNuTnFsH1DqUeqBRpXdSXVVtgJTyDDgscGKrzJuoFjResjBJaqSQ4rFWEFiMQicMJTgbnq7v67SFHg)/source.webp",2
59,F7C-S Hornet Ghost Mk I,STEALTH FIGHTER,0,Small,1,true,"https://robertsspaceindustries.com/i/0dcd4d70d94dfe410df8936aa36b86c0dfcd26af/resize(1820,1024,cover,ADdPNihJzmPbNuTnFsH1DqUeqBRpXdSXVVtgJTyDDgscGKrzJuoFjResjqHwXyzcPtQGAhaia7uvJdKpyzo2kq9x2)/source.webp",2
60,F7C-S Hornet Ghost Mk II,STEALTH FIGHTER,0,Small,1,true,"https://robertsspaceindustries.com/i/d1b4c6d0d1d76d6184f4c05313e40c2291da10a3/resize(1820,1024,cover,ADdPNihJzmPbNuTnFsH1DqUeqBRpXdSXVVtgJTyDDgscGKrzJuoFjReskGt89eymTuzVVp1EdXjyc7BASHEb5C5LJ)/source.webp",2
61,F8C Lightning,HEAVY FIGHTER,0,Small,1,true,"https://robertsspaceindustries.com/i/dbe4048cfde01b6851a2dc6b5a3403139c9aa3ef/resize(1820,1024,cover,ADdPNihJzmPbNuTnFsH1DqUeqBRpXdSXVVtgJTyDDgscGKrzJuoFjResjTEWFCBvRCcApL8QwcPy9mPPcUhEbyN9c)/source.webp",2
62,Gladiator,BOMBER,0,Small,2,true,"https://robertsspaceindustries.com/i/24c3aeaad34e328fac28c068188be4d2be8485ea/resize(1820,1024,cover,hgjbks2vRxvijgZCkcudyey3yf2YnBqfanX6U636vzzNeeFdx43A2FpAz62LgThdv7L26Mnnv9U1c1Ci2MqadbqDiE)/source.webp",2
63,Hawk,LIGHT FIGHTER,0,Small,1,true,"https://robertsspaceindustries.com/i/5f4d482dbcafa31057856651b99bb9121bb2dc7b/resize(1820,1024,cover,ADdPNihJzmPbNuTnFsH1DqUeqBRpXdSXVVtgJTyDDgscGKrzJuoFjReskqofk6iAEkXWjQtqfG1dYTrB2yze2VMN6)/source.webp",2
64,Hurricane,HEAVY FIGHTER,0,Small,2,true,"https://robertsspaceindustries.com/i/41d76881a5a0bb0ac3f6500a2ee18c661089f92d/resize(1820,1024,cover,ADdPNihJzmPbNuTnFsH1DqUeqBRpXdSXVVtgJTyDDgscGKrzJuoFjReskGn8CGG5chJtVrZgvDP76ztQKVMaPHKiN)/source.webp",2
65,Legionnaire,BOARDING,0,Small,1,false,"https://robertsspaceindustries.com/i/2c603af2f1cf33d18fdb74cba906b0f3e45b2e8e/resize(1820,1024,cover,hgjbks2vRxvijgZCkcudyey3yf2YnBqfanX6U636vzzNeeFdx43A2FpAyJAaJtycCHer7whEazSZzqQ1QuY25bU1DQ)/source.webp",2
66,Liberator,LIGHT CARRIER,400,Large,1,false,"https://robertsspaceindustries.com/i/eed7bda0cead13f22d29e0e4898532db163e4fae/resize(1820,1024,cover,ADdPNihJzmPbNuTnFsH1DqUeqBRpXdSXVVtgJTyDDgscGKrzJuoFjResjYSRgY9JUi324WZvNLjX8bNV6rD8Rtger)/source.webp",2
67,Paladin,GUNSHIP,0,Medium,1,false,"https://robertsspaceindustries.com/i/8c81d329349b0a54e777cfe61c5da42ccef23324/resize(1820,1024,cover,ADdPNihJzmPbNuTnFsH1DqUeqBRpXdSXVVtgJTyDDgscGKrzJuoFjResepX5ErpfXTRLQNMtypE38tGoNspv5NtX8)/source.webp",2
68,Spartan,TRANSPORT,0,Vehicle,1,true,"https://robertsspaceindustries.com/i/caec1a43fe808311ca492c51002e9a3bf585393c/resize(1820,1024,cover,ADdPNihJzmPbNuTnFsH1DqUeqBRpXdSXVVtgJTyDDgscGKrzJuoFjResj1kD3WpJBNCfd4f5GV9y4U6tFzGqUJY7Q)/source.webp",2
69,Terrapin,PATHFINDER,0,Small,1,true,"https://robertsspaceindustries.com/i/e226b9dfb09a0db6118b9793e84d91f7c396ce6b/resize(1820,1024,cover,ADdPNihJzmPbNuTnFsH1DqUeqBRpXdSXVVtgJTyDDgscGKrzJuoFjResipCJvtQrx1nD2gTpcswfhjvPdK8qy1NUN)/source.webp",2
70,Terrapin Medic,MEDICAL,0,Small,2,true,"https://robertsspaceindustries.com/i/0f0ef47ed3ea5a42f078afc9271b1302b734aac2/resize(1820,1024,cover,ADdPNihJzmPbNuTnFsH1DqUeqBRpXdSXVVtgJTyDDgscGKrzJuoFjResiqTMftn13eEVWjEGyq1r2u2BNf67RfTBC)/source.webp",2
71,Valkyrie,DROPSHIP,0,Small,5,true,"https://robertsspaceindustries.com/i/33c4ee2869dcf9490841df1d6968eed5d94ef5f9/resize(1820,1024,cover,ADdPNihJzmPbNuTnFsH1DqUeqBRpXdSXVVtgJTyDDgscGKrzJuoFjReskqctMmTYuX6sFTZyNbv2gpmbPFTbA9Sna)/source.webp",2
72,Khartu-Al,LIGHT FIGHTER,0,Small,1,true,"https://robertsspaceindustries.com/i/ae9dcbe03c30fbba78b1b90d9933894c54cd6986/resize(1820,1024,cover,ADdPNihJzmPbNuTnFsH1DqUeqBRpXdSXVVtgJTyDDgscGKrzJuoFjReskvn8skBeKZhhvnJJ7SbDADp1YRPHK4jLS)/source.webp",3
75,San'tok.yāi,MEDIUM FIGHTER,0,Medium,1,true,"https://robertsspaceindustries.com/i/07f8b3fb66e8bf1fc56eed1e889c80510960b9ef/resize(1820,1024,cover,ADdPNihJzmPbNuTnFsH1DqUeqBRpXdSXVVtgJTyDDgscGKrzJuoFjReseYxnLDbRvYcbdtzQnz5YTiGVWt6gxEs8r)/source.webp",3
74,Nox Kue,RACING,0,Vehicle,1,true,"https://robertsspaceindustries.com/i/cfedd456f47513a8d2e7229761a87a475edc2170/resize(1820,1024,cover,hgjbks2vRxvijgZCkcudyey3yf2YnBqfanX6U636vzzNeeFdx43A2FpB1h72y9eres7Js1etFpA6vxqALTAbHwWijx)/source.webp",3
73,Nox,RACING,0,Vehicle,1,true,"https://robertsspaceindustries.com/i/77be8ac04eac10f2d96cbb48db56bff76a108c20/resize(1820,1024,cover,ADdPNihJzmPbNuTnFsH1DqUeqBRpXdSXVVtgJTyDDgscGKrzJuoFjResez6iKCpgqqXaiP49xWFzmKVJNb993smQJ)/source.webp",3
76,ATLS,INDUSTRIAL,0,Vehicle,1,true,"https://robertsspaceindustries.com/i/e857649dcd3767d24d3ec5085fbea8a6835fa833/resize(1820,1024,cover,ADdPNihJzmPbNuTnFsH1DqUeqBRpXdSXVVtgJTyDDgscGKrzJuoFjReseYuTuCACieSjiE8s24q9GjXTx67KcfVEe)/source.webp",4
77,ATLS GEO,INDUSTRIAL,0,Vehicle,1,true,"https://robertsspaceindustries.com/i/9d0516b0a7d2a7cd18c62b2825e1fdf674fd94cb/resize(1820,1024,cover,ADdPNihJzmPbNuTnFsH1DqUeqBRpXdSXVVtgJTyDDgscGKrzJuoFjReskCSb429VgwWkr59yNFiJo4RGJmSkWvrwG)/source.webp",4
78,CSV-SM,FREIGHT,4,Vehicle,1,true,"https://robertsspaceindustries.com/i/81ecec37908e30f0a1ce5120562e31a3dbf2826c/resize(1820,1024,cover,ADdPNihJzmPbNuTnFsH1DqUeqBRpXdSXVVtgJTyDDgscGKrzJuoFjReskqnZAnSKoJuBT8bRXif2VY471C6aty5xJ)/source.webp",4
79,MOLE,PROSPECTING / MINING,0,Medium,4,true,"https://robertsspaceindustries.com/i/09d0d3d126a43e1747e391213f50f1da3c39684b/resize(1820,1024,cover,ADdPNihJzmPbNuTnFsH1DqUeqBRpXdSXVVtgJTyDDgscGKrzJuoFjReskeyuh2th2hpj2ey5zJ3ucQ9vcbaskWmxA)/source.webp",4
80,MPUV Cargo,LIGHT FREIGHT,0,Small,1,true,"https://robertsspaceindustries.com/i/81e713f8e644c1e857f81447c80c99adb34aeb68/resize(1820,1024,cover,ADdPNihJzmPbNuTnFsH1DqUeqBRpXdSXVVtgJTyDDgscGKrzJuoFjReskqS72thXJhruiyZdkAUXoWmCbfrFo9axn)/source.webp",4
81,MPUV Personnel,PASSENGER,0,Small,1,true,"https://robertsspaceindustries.com/i/a4531abec711e22d8da468f488c9f8cea63cbe42/resize(1820,1024,cover,ADdPNihJzmPbNuTnFsH1DqUeqBRpXdSXVVtgJTyDDgscGKrzJuoFjResj1m9L4rmH61jLubjuLTYqftH8J2JTVpsQ)/source.webp",4
82,MPUV Tractor,CARGO LOADER,0,Small,1,true,"https://robertsspaceindustries.com/i/35e5a3f413c5d72d6ebae4ca5859d4327167377f/resize(1820,1024,cover,ADdPNihJzmPbNuTnFsH1DqUeqBRpXdSXVVtgJTyDDgscGKrzJuoFjResjN1NWaWLDpSVjwYpXDZBfjmjxHsT5bKen)/source.webp",4
83,RAFT,MEDIUM FREIGHT,96,Medium,1,true,"https://robertsspaceindustries.com/i/331d7c983e19ac25dff367e870e8c924f239da17/resize(1820,1024,cover,ADdPNihJzmPbNuTnFsH1DqUeqBRpXdSXVVtgJTyDDgscGKrzJuoFjReskjDVZ1oPzGecgpKE4TU2z95zVFTwWYAhk)/source.webp",4
84,SRV,RECOVERY,12,Small,1,true,"https://robertsspaceindustries.com/i/1d508b10efc1d044d96c19c2120f7b55c09c1f10/resize(1820,1024,cover,ADdPNihJzmPbNuTnFsH1DqUeqBRpXdSXVVtgJTyDDgscGKrzJuoFjReskvzMkR86na9QbqH7S5iyoVoKe6QYJ5fD8)/source.webp",4
85,Defender,LIGHT FIGHTER,0,Small,1,true,"https://robertsspaceindustries.com/i/517c98661fe71f5627dec6ff7fcaed61b0da2da3/resize(1820,1024,cover,ADdPNihJzmPbNuTnFsH1DqUeqBRpXdSXVVtgJTyDDgscGKrzJuoFjResjqYDYeRY8q9ugefhioggnXHfpwouJVn3p)/source.webp",5
86,Merchantman,HEAVY FREIGHT,2880,Large,4,false,"https://robertsspaceindustries.com/i/322572eafa4b6dbc3c2c540549793c5bf9b23168/resize(1820,1024,cover,ADdPNihJzmPbNuTnFsH1DqUeqBRpXdSXVVtgJTyDDgscGKrzJuoFjResjCWNfq9LLyC3dvte2ieQJwYuocquD6xva)/source.webp",5
87,HoverQuad,RACING,0,Vehicle,1,true,"https://robertsspaceindustries.com/i/e3df0092087fa6d51c2a49da55dc76169d53ae42/resize(1820,1024,cover,ADdPNihJzmPbNuTnFsH1DqUeqBRpXdSXVVtgJTyDDgscGKrzJuoFjReskqwnrzVEUwLuvjuAagqGwGWYcwadhu4jQ)/source.webp",6
88,Mustang Alpha,CARGO,0,Small,1,true,"https://robertsspaceindustries.com/i/56e5d9360c19539d341a3b50a9a26c808daaf255/resize(1820,1024,cover,ADdPNihJzmPbNuTnFsH1DqUeqBRpXdSXVVtgJTyDDgscGKrzJuoFjResjBFG9qk5KAVGU3wTFxrTvN1xmVan4nf7U)/source.webp",6
89,Mustang Alpha Vindicator,STARTER / LIGHT FREIGHT,0,Small,1,true,"https://robertsspaceindustries.com/i/77845046d524d82a07428c0d10ff03f62107eb70/resize(1820,1024,cover,ADdPNihJzmPbNuTnFsH1DqUeqBRpXdSXVVtgJTyDDgscGKrzJuoFjResjP84m1LNRBf7Rs9W2QHk9WNbJnUi8uWyt)/source.webp",6
90,Mustang Beta,PATHFINDER,0,Small,1,true,"https://robertsspaceindustries.com/i/350dbb5a00529914c2a50752b9e455000ab41e94/resize(1820,1024,cover,ADdPNihJzmPbNuTnFsH1DqUeqBRpXdSXVVtgJTyDDgscGKrzJuoFjResjGdyC4SvNZEPGqps3S9SJexi4jB6ztz22)/source.webp",6
91,Mustang Delta,LIGHT FIGHTER,0,Small,1,true,"https://robertsspaceindustries.com/i/3a0e3ce4ced9f3767ac5b51c74fdba79d99e7709/resize(1820,1024,cover,ADdPNihJzmPbNuTnFsH1DqUeqBRpXdSXVVtgJTyDDgscGKrzJuoFjResepafddG3GYsbfAVx7hbw9Xwjpyuw5z22a)/source.webp",6
92,Mustang Gamma,RACING,0,Small,1,true,"https://robertsspaceindustries.com/i/2aea9e952009e457566cd38f1698e4864bdeed37/resize(1820,1024,cover,ADdPNihJzmPbNuTnFsH1DqUeqBRpXdSXVVtgJTyDDgscGKrzJuoFjReseBSrAv4osfDsR17X1NzWhg5MhDW1neGwx)/source.webp",6
93,Mustang Omega,RACING,0,Small,1,true,"https://robertsspaceindustries.com/i/f19022ba7a1707ccdb78dcf695f2ef9d9b9b35fd/resize(1820,1024,cover,ADdPNihJzmPbNuTnFsH1DqUeqBRpXdSXVVtgJTyDDgscGKrzJuoFjReskUM4JKzJ9dsqVZzEweh1C1unScWqpchtJ)/source.webp",6
94,Nomad,STARTER,24,Medium,1,true,"https://robertsspaceindustries.com/i/98e79e8d66280cfbd42ed67c81edfc759a79ec83/resize(1820,1024,cover,ADdPNihJzmPbNuTnFsH1DqUeqBRpXdSXVVtgJTyDDgscGKrzJuoFjResjP6uiDaGZDAiDD1wpjtMms52A8twLXjMQ)/source.webp",6
95,Pioneer,HEAVY CONSTRUCTION,1000,Capital,4,false,"https://robertsspaceindustries.com/i/50bb5d2f215ab21fc4d13bb241c001c64cb33eaa/resize(1820,1024,cover,hgjbks2vRxvijgZCkcudyey3yf2YnBqfanX6U636vzzNeeFdx43A2FpB1JVc7Xvq4q8CRfEHpFzSVmnzxaoM65fTo4)/source.webp",6
96,A1 Spirit,BOMBER,0,Medium,2,true,"https://robertsspaceindustries.com/i/8dd23d865543540372922e592bd06196e0cc32ec/resize(1820,1024,cover,ADdPNihJzmPbNuTnFsH1DqUeqBRpXdSXVVtgJTyDDgscGKrzJuoFjResjqeH5Syrkjvs1ARQzHr1K5xByXfMTgZrN)/source.webp",7
97,A2 Hercules,HEAVY BOMBER,0,Large,6,true,"https://robertsspaceindustries.com/i/8f68e99ee76f7ab8ae8da725196f32d9a5d61a69/resize(1820,1024,cover,ADdPNihJzmPbNuTnFsH1DqUeqBRpXdSXVVtgJTyDDgscGKrzJuoFjResidY9GU2m2dhad9nWNxb18qK9ZrBf6PhFU)/source.webp",7
98,Ares Inferno,HEAVY FIGHTER,0,Medium,1,true,"https://robertsspaceindustries.com/i/8ba059daedf99e377a6b4773167364933ec37348/resize(1820,1024,cover,ADdPNihJzmPbNuTnFsH1DqUeqBRpXdSXVVtgJTyDDgscGKrzJuoFjReskPUMphCZRXRAQLjVqV1sqM6EBTAiv9qKc)/source.webp",7
99,Ares Ion,HEAVY FIGHTER,0,Small,1,true,"https://robertsspaceindustries.com/i/38f0c5a9561f3f29798207b431326db3a998d0ce/resize(1820,1024,cover,ADdPNihJzmPbNuTnFsH1DqUeqBRpXdSXVVtgJTyDDgscGKrzJuoFjResidZaY5SRiicBUSgjL8oiDCWFUNRcX7Mnv)/source.webp",7
100,C1 Spirit,MEDIUM FREIGHT,0,Medium,2,true,"https://robertsspaceindustries.com/i/bac6648185eab3ca89a9b859d6092c81fe337587/resize(1820,1024,cover,ADdPNihJzmPbNuTnFsH1DqUeqBRpXdSXVVtgJTyDDgscGKrzJuoFjResjfBqExzNdjFYFntDZSQvoviQmVRUrSXUz)/source.webp",7
101,C2 Hercules,HEAVY FREIGHT,0,Large,2,true,"https://robertsspaceindustries.com/i/387f877bf5aae2c4dc6e32568d621473b5d4d79e/resize(1820,1024,cover,ADdPNihJzmPbNuTnFsH1DqUeqBRpXdSXVVtgJTyDDgscGKrzJuoFjReskpcDUyTPuKfT2cePUz4jof5hYcpd6LjZx)/source.webp",7
103,Genesis,PASSENGER,0,Large,2,false,"https://robertsspaceindustries.com/i/28b84eece3d88da1ef46512f5ccda2d52ab5188b/resize(1820,1024,cover,ADdPNihJzmPbNuTnFsH1DqUeqBRpXdSXVVtgJTyDDgscGKrzJuoFjResjCZtmWTXGYC6ppEv2dfyqgTt8K3kv8r4E)/source.webp",7
104,Intrepid,LIGHT FREIGHT,8,Small,1,true,"https://robertsspaceindustries.com/i/6c8a974fda24417eeffaf0c01e2f4d1c0b9ecd4e/resize(1820,1024,cover,ADdPNihJzmPbNuTnFsH1DqUeqBRpXdSXVVtgJTyDDgscGKrzJuoFjReskZh1CNYQ3572KikzS5RcFRif9Cumk34qU)/source.webp",7
105,M2 Hercules,MILITARY TRANSPORT,0,Large,3,true,"https://robertsspaceindustries.com/i/ecbed3dfd956ca7abe163b3cda1e43784c9d5d53/resize(1820,1024,cover,ADdPNihJzmPbNuTnFsH1DqUeqBRpXdSXVVtgJTyDDgscGKrzJuoFjReseTg8yHWoyFU5ctCYvWz382EoBq77xDmMY)/source.webp",7
106,Mercury,MEDIUM CARGO / MEDIUM DATA,114,Medium,2,true,"https://robertsspaceindustries.com/i/968944e4818ed482e8ca891152eec706ce5575ce/resize(1820,1024,cover,ADdPNihJzmPbNuTnFsH1DqUeqBRpXdSXVVtgJTyDDgscGKrzJuoFjReseM2Qd3hg33nVNrZr93SXcfBLpXPPoyseW)/source.webp",7
102,E1 Spirit,PASSENGER,0,Medium,2,false,"https://robertsspaceindustries.com/i/69ac36022b20a1aa06ac554df601ae7c6b8eacb3/resize(1820,1024,cover,ADdPNihJzmPbNuTnFsH1DqUeqBRpXdSXVVtgJTyDDgscGKrzJuoFjResjk9bBeoUteJkovWT3ApUz7T174pHLYJ4E)/source.webp",7
107,Buccaneer,INTERDICTION,0,Small,1,true,"https://robertsspaceindustries.com/i/ce397ce5177b61e3c698eac1667c7982fc0333a0/resize(1820,1024,cover,ADdPNihJzmPbNuTnFsH1DqUeqBRpXdSXVVtgJTyDDgscGKrzJuoFjResezCh7hqEM1ouaaszB9mDc2C9vpC1wGmhp)/source.webp",8
108,Caterpillar,HEAVY FREIGHT,0,Large,4,true,"https://robertsspaceindustries.com/i/5d38be418f6393b3a97d5341ddf6dcc866f92048/resize(1820,1024,cover,ADdPNihJzmPbNuTnFsH1DqUeqBRpXdSXVVtgJTyDDgscGKrzJuoFjReseBYkxomy2F5nsE4C5GSarCBzaijFs8Gdk)/source.webp",8
109,Corsair,EXPEDITION,72,Large,1,true,"https://robertsspaceindustries.com/i/f254322de966a6c59fa992181e8fb0cd9922f597/resize(1820,1024,cover,ADdPNihJzmPbNuTnFsH1DqUeqBRpXdSXVVtgJTyDDgscGKrzJuoFjResf1XMP49iifJEdNC1Y2F1c43JdmfwrQHre)/source.webp",8
110,Cutlass Black,MEDIUM FREIGHT,0,Medium,2,true,"https://robertsspaceindustries.com/i/23b7d89ec0b391d6ed79e7169c133ecbce5153b3/resize(1820,1024,cover,ADdPNihJzmPbNuTnFsH1DqUeqBRpXdSXVVtgJTyDDgscGKrzJuoFjReseczedehU6DiyGVBJrQEkLAao6v8XpwcvS)/source.webp",8
111,Cutlass Blue,INTERDICTION,0,Medium,3,true,"https://robertsspaceindustries.com/i/9b80c3b6ee3520252d93a03a5d62d37dd67db76c/resize(1820,1024,cover,ADdPNihJzmPbNuTnFsH1DqUeqBRpXdSXVVtgJTyDDgscGKrzJuoFjReseNAXvbPq3dAF8iYwuSZSHMTy24T75fkeA)/source.webp",8
112,Cutlass Red,MEDICAL,0,Medium,2,true,"https://robertsspaceindustries.com/i/fac734628c93a3bc5163570403de8d6008b22439/resize(1820,1024,cover,ADdPNihJzmPbNuTnFsH1DqUeqBRpXdSXVVtgJTyDDgscGKrzJuoFjReskfBtT1vzYFaw6fbz4Ly8762W5tPFVNwTc)/source.webp",8
113,Cutlass Steel,DROPSHIP,0,Medium,3,true,"https://robertsspaceindustries.com/i/61ac64d9c5804064a47bd94e0550ab1499b3cb26/resize(1820,1024,cover,ADdPNihJzmPbNuTnFsH1DqUeqBRpXdSXVVtgJTyDDgscGKrzJuoFjResjk8SgXwmm29ZdPPy1wDcMYUbd9Bq6m2W2)/source.webp",8
114,Cutter,STARTER / LIGHT FREIGHT,0,Small,1,true,"https://robertsspaceindustries.com/i/0394ab32c1b435db8eec143ff91ae468f1af4c20/resize(1820,1024,cover,ADdPNihJzmPbNuTnFsH1DqUeqBRpXdSXVVtgJTyDDgscGKrzJuoFjResj5ym2DKsq5cBCWrdebV79wxvB4CrVzUzi)/source.webp",8
115,Cutter Rambler,STARTER / EXPEDITION,0,Small,1,true,"https://robertsspaceindustries.com/i/b9bc6bb3312e830db0bef2a729917a915668c5b1/resize(1820,1024,cover,ADdPNihJzmPbNuTnFsH1DqUeqBRpXdSXVVtgJTyDDgscGKrzJuoFjResepw8aT4Fei7123y9mJC4z9zyacUBP5Snr)/source.webp",8
116,Cutter Scout,RECONNAISSANCE / INTELLIGENCE,0,Small,1,true,"https://robertsspaceindustries.com/i/857bf4b03b55d8c6caf5dfdf0aaad8f7a990572e/resize(1820,1024,cover,ADdPNihJzmPbNuTnFsH1DqUeqBRpXdSXVVtgJTyDDgscGKrzJuoFjResezCiG492YM3jcP1NHchGCbHDScAAMrK82)/source.webp",8
117,Dragonfly Black,RACING,0,Small,2,true,"https://robertsspaceindustries.com/i/4edf9f73028b9bce027a2f99ef05334615b593e0/resize(1820,1024,cover,ADdPNihJzmPbNuTnFsH1DqUeqBRpXdSXVVtgJTyDDgscGKrzJuoFjReskPN4yumMk5nt91UxccBVecfwddqkyqWeJ)/source.webp",8
118,Golem,MINING,32,Small,1,true,"https://robertsspaceindustries.com/i/9a1744357e6a391c84bcc9e214bc73de9b5b8539/resize(1820,1024,cover,ADdPNihJzmPbNuTnFsH1DqUeqBRpXdSXVVtgJTyDDgscGKrzJuoFjReskqx8QbDKyKvq57QLarN7q9v5Jm4q5hBWn)/source.webp",8
119,Herald,MEDIUM DATA,0,Small,1,true,"https://robertsspaceindustries.com/i/8632c51efb3ab9c8fdc2cddef7ab0eeca8faaf49/resize(1820,1024,cover,ADdPNihJzmPbNuTnFsH1DqUeqBRpXdSXVVtgJTyDDgscGKrzJuoFjResj21mVS6o1YrzqWhXT7tPnLa7wSa8Z5Cr2)/source.webp",8
120,Ironclad,ARMORED FREIGHT,0,Large,6,false,"https://robertsspaceindustries.com/i/5cd6060da3bd100f50a1824e74b1b9fa8c10db30/resize(1820,1024,cover,ADdPNihJzmPbNuTnFsH1DqUeqBRpXdSXVVtgJTyDDgscGKrzJuoFjResjCenc9xo5pCEHm5Fwe536D13Zbb9SA7PU)/source.webp",8
121,Ironclad Assault,COMBINED ARMS PLATFORM,0,Large,6,false,"https://robertsspaceindustries.com/i/ed8e849d3c3f66f71cd99fae9cbe748b280646d2/resize(1820,1024,cover,ADdPNihJzmPbNuTnFsH1DqUeqBRpXdSXVVtgJTyDDgscGKrzJuoFjResiiq2gADRhkfGJyL3BL3pHMYU5vMcUJ5AN)/source.webp",8
122,Kraken,MULTI-ROLE / LIGHT CARRIER,0,Capital,10,false,"https://robertsspaceindustries.com/i/cb1e6580add474b7f3f2bf18f5081326d5967779/resize(1820,1024,cover,ADdPNihJzmPbNuTnFsH1DqUeqBRpXdSXVVtgJTyDDgscGKrzJuoFjResjqYHRGgyn5CBWsSTK3b9eZJ6fQD1C1ydp)/source.webp",8
123,Kraken Privateer,MULTI-ROLE / LIGHT CARRIER,0,Capital,10,false,"https://robertsspaceindustries.com/i/7bdbb6f6645c025a35597d000693eefe0b1266bf/resize(1820,1024,cover,ADdPNihJzmPbNuTnFsH1DqUeqBRpXdSXVVtgJTyDDgscGKrzJuoFjResjqYJiA954ovGyjrhJzKDcRSB3GeX5S1Wn)/source.webp",8
124,Mule,TRANSPORT,2,Vehicle,1,true,"https://robertsspaceindustries.com/i/2ba95c78be656fd8f4c16b64c0367405f83fce82/resize(1820,1024,cover,ADdPNihJzmPbNuTnFsH1DqUeqBRpXdSXVVtgJTyDDgscGKrzJuoFjResjZdarzsBbDcn1GYaeu1WNwbzqtAK8bU9C)/source.webp",8
125,Vulture,LIGHT SALVAGE,12,Small,1,true,"https://robertsspaceindustries.com/i/f6db59eb9fab5f42cfea9f996f86dd4036b8d712/resize(1820,1024,cover,ADdPNihJzmPbNuTnFsH1DqUeqBRpXdSXVVtgJTyDDgscGKrzJuoFjReskCvCdRfAMGuDBYzhaECpNCyZZJ4VYpLjp)/source.webp",8
126,Blade,LIGHT FIGHTER,0,Small,1,true,"https://robertsspaceindustries.com/i/b04d825a1a9581f6aed49a82c9993b9cc4bec858/resize(1820,1024,cover,ADdPNihJzmPbNuTnFsH1DqUeqBRpXdSXVVtgJTyDDgscGKrzJuoFjReseBp7yuysMv26jp9p5LodLWy2NVMYvDzpn)/source.webp",9
127,Glaive,MEDIUM FIGHTER,0,Medium,1,true,"https://robertsspaceindustries.com/i/fc1d9cc71019ccc212d529c0dd3992bba89a35c3/resize(1820,1024,cover,ADdPNihJzmPbNuTnFsH1DqUeqBRpXdSXVVtgJTyDDgscGKrzJuoFjResjkMe11deKVPSCGJVKnteWRPFAx1t7qwaN)/source.webp",9
128,Prowler,DROPSHIP,0,Medium,2,true,"https://robertsspaceindustries.com/i/7f3bf5d9149c8b966011e50998a8efdf19acb583/resize(1820,1024,cover,ADdPNihJzmPbNuTnFsH1DqUeqBRpXdSXVVtgJTyDDgscGKrzJuoFjResjNqLCYXQvhiupHum3Mu6UnYgMrvnMPs8z)/source.webp",9
129,Talon,LIGHT FIGHTER,0,Small,1,true,"https://robertsspaceindustries.com/i/b65ccb7e424a05c2f0f2fc1a5c488a9cdeeb43f9/resize(1820,1024,cover,ADdPNihJzmPbNuTnFsH1DqUeqBRpXdSXVVtgJTyDDgscGKrzJuoFjResee7KFjLApo7TLv6HYPxWKPfdQBFRWWScW)/source.webp",9
130,Talon Shrike,LIGHT FIGHTER,0,Small,1,true,"https://robertsspaceindustries.com/i/f15eeab670096bb3d2b00bfbe7cbae21c633ddcb/resize(1820,1024,cover,ADdPNihJzmPbNuTnFsH1DqUeqBRpXdSXVVtgJTyDDgscGKrzJuoFjReskP6himk2e2VKuzMZPqXMRLUttTqURu3Ca)/source.webp",9
131,Railen,MEDIUM FREIGHT,320,Large,1,false,"https://robertsspaceindustries.com/i/4dfd4449568b2e1cad2c68f29b0359e340904275/resize(1820,1024,cover,ADdPNihJzmPbNuTnFsH1DqUeqBRpXdSXVVtgJTyDDgscGKrzJuoFjResjMt9zucHrQHoZQjxE5UZEkUPmzpv3giza)/source.webp",10
132,Syulen,STARTER,6,Small,1,true,"https://robertsspaceindustries.com/i/11c4dccf824516cd0fd1231fc1dc25169ddfb1e2/resize(1820,1024,cover,ADdPNihJzmPbNuTnFsH1DqUeqBRpXdSXVVtgJTyDDgscGKrzJuoFjResevDjh8NbxfyAnM6defNpFEAzcGPsCoH9x)/source.webp",10
163,Odyssey,EXPEDITION,252,Large,1,false,"https://robertsspaceindustries.com/i/ccf8090a7f5107857af3115ac8535c25ac486d30/resize(1820,1024,cover,ADdPNihJzmPbNuTnFsH1DqUeqBRpXdSXVVtgJTyDDgscGKrzJuoFjReskkTUwu7hSxftmz1nsS3kx4Xi3ZuZQfPug)/source.webp",12
153,Fortune,SALVAGE,12,Small,1,true,"https://robertsspaceindustries.com/i/9bef3b1724f71a08838f376b1fa96e5407ad62dc/resize(1820,1024,cover,ADdPNihJzmPbNuTnFsH1DqUeqBRpXdSXVVtgJTyDDgscGKrzJuoFjReskpZqbdWXd8HG1RfFhL49HBbLmi7dh7Vee)/source.webp",12
140,Fury,SNUB FIGHTER,0,Small,1,true,"https://robertsspaceindustries.com/i/1aeead1c6c8a81986b915ea67f9dc113e5eb1cb1/resize(1820,1024,cover,ADdPNihJzmPbNuTnFsH1DqUeqBRpXdSXVVtgJTyDDgscGKrzJuoFjResjNsitwktGuZ1F2jyemypwgMsPr4K8FxaJ)/source.webp",16
167,Reliant Sen,LIGHT SCIENCE,0,Small,2,true,"https://robertsspaceindustries.com/i/a0c8760ad893f497848212da9c6ef5cb961d5aee/resize(1820,1024,cover,ADdPNihJzmPbNuTnFsH1DqUeqBRpXdSXVVtgJTyDDgscGKrzJuoFjResivYNEWLCG5JLAJtqdn4Cb7S72x3g5YDhp)/source.webp",12
146,Pulse,COMBAT,0,Small,1,true,"https://robertsspaceindustries.com/i/fda2384407c36cc0dcf025c626a427104eec557d/resize(1820,1024,cover,ADdPNihJzmPbNuTnFsH1DqUeqBRpXdSXVVtgJTyDDgscGKrzJuoFjReskHwGLihMvGXWkmUk6XqVmpyqSSy76FghU)/source.webp",16
157,Freelancer MIS,GUN SHIP,0,Medium,4,true,"https://robertsspaceindustries.com/i/c51bfec4cc0e06835e221a7948ce37c0c7e4732b/resize(1820,1024,cover,ADdPNihJzmPbNuTnFsH1DqUeqBRpXdSXVVtgJTyDDgscGKrzJuoFjReskqTKQ9TNTVk76eayuSkChr5ez3c36SSp6)/source.webp",12
147,Pulse LX,RACING,0,Small,1,true,"https://robertsspaceindustries.com/i/f440bae25f434211eb9dc7c586f3b33d7a90fdde/resize(1820,1024,cover,ADdPNihJzmPbNuTnFsH1DqUeqBRpXdSXVVtgJTyDDgscGKrzJuoFjReseM9oAN4edgLt729KhyXTui275YcwAH3A6)/source.webp",16
139,P-72 Archimedes,RACING,0,Small,1,true,"https://robertsspaceindustries.com/i/c4136eb7b9a090dbd6417e2c7cef5b449cb7da85/resize(1820,1024,cover,ADdPNihJzmPbNuTnFsH1DqUeqBRpXdSXVVtgJTyDDgscGKrzJuoFjResev3uj33ZcSyfFgcyVdQoGyjUZdtCF4h4a)/source.webp",11
141,Fury LX,RACING,0,Small,1,true,"https://robertsspaceindustries.com/i/a907809ebb4a81e050de8bc0cca43e28f2f04d09/resize(1820,1024,cover,ADdPNihJzmPbNuTnFsH1DqUeqBRpXdSXVVtgJTyDDgscGKrzJuoFjResipDUniadrxVqFV8Exc6F8gdxmNfxCBMqQ)/source.webp",16
134,PTV,TOURING,0,Vehicle,1,true,"https://robertsspaceindustries.com/i/229633d3eb47dcb6f98174212101c3f5889f5c1b/resize(1820,1024,cover,ADdPNihJzmPbNuTnFsH1DqUeqBRpXdSXVVtgJTyDDgscGKrzJuoFjResejJxgowdjCH26GobvfhugVXpDwAgduSyt)/source.webp",15
143,Guardian,HEAVY FIGHTER,0,Small,1,true,"https://robertsspaceindustries.com/i/478b410c55f539921aa64243ac35830b4df781f8/resize(1820,1024,cover,ADdPNihJzmPbNuTnFsH1DqUeqBRpXdSXVVtgJTyDDgscGKrzJuoFjResjNyeyi5nsV2JkpuiqKNKw4cqRkqD2mEox)/source.webp",16
149,Razor EX,STEALTH,0,Small,1,true,"https://robertsspaceindustries.com/i/bf2b52f15d4d9a58e95d3350a8e985e6ef456d5e/resize(1820,1024,cover,ADdPNihJzmPbNuTnFsH1DqUeqBRpXdSXVVtgJTyDDgscGKrzJuoFjResepoxDo1odgZbP1T6ityiJ87KEdH4JYGC6)/source.webp",16
135,ROC,MINING,0,Vehicle,1,true,"https://robertsspaceindustries.com/i/d61d296bca87d8ee1ec5f320e0a181b635eac966/resize(1820,1024,cover,ADdPNihJzmPbNuTnFsH1DqUeqBRpXdSXVVtgJTyDDgscGKrzJuoFjResjZpg3TvUXzoPPWHyznxuewoEwZYPpvQLe)/source.webp",15
148,Razor,RACING,0,Small,1,true,"https://robertsspaceindustries.com/i/05119ac86d6039b68c9c646f4818bbc4d22bb377/resize(1820,1024,cover,ADdPNihJzmPbNuTnFsH1DqUeqBRpXdSXVVtgJTyDDgscGKrzJuoFjReskCv7hJjwnYXcXYGeFkG5AEgr5jvsY61hY)/source.webp",16
150,Razor LX,LUXURY,0,Small,1,true,"https://robertsspaceindustries.com/i/584ae93b7df23c90b8d1c8ac880b4c0acf7478c5/resize(1820,1024,cover,ADdPNihJzmPbNuTnFsH1DqUeqBRpXdSXVVtgJTyDDgscGKrzJuoFjResjYZbU7YRbY39aKhXriPkhsMyLYc2GruWE)/source.webp",16
133,MTC,COMBAT,1,Vehicle,1,true,"https://robertsspaceindustries.com/i/dddfae02ba2ffd422d0fd89888d79b2e46cdbc5f/resize(1820,1024,cover,ADdPNihJzmPbNuTnFsH1DqUeqBRpXdSXVVtgJTyDDgscGKrzJuoFjResjk1FFtkNUvaK2WVK9EWKRHJszuiBF2CFg)/source.webp",15
136,ROC-DS,MINING,0,Vehicle,2,true,"https://robertsspaceindustries.com/i/055eb7e8be37bbbe2762bdf80eed176f623245e1/resize(1820,1024,cover,ADdPNihJzmPbNuTnFsH1DqUeqBRpXdSXVVtgJTyDDgscGKrzJuoFjResf1KiRdFjoqLzFeGUNcHcx8G7544GVQBqg)/source.webp",15
155,Freelancer DUR,EXPEDITION,0,Medium,4,true,"https://robertsspaceindustries.com/i/49129d4e9916265c0325843551f8847756ce967e/resize(1820,1024,cover,ADdPNihJzmPbNuTnFsH1DqUeqBRpXdSXVVtgJTyDDgscGKrzJuoFjResjHjQ9eeqVBo9t4wNhofoBkZk9Sug6dE8n)/source.webp",12
159,Hull B,HEAVY FREIGHT,0,Medium,1,false,"https://robertsspaceindustries.com/i/25120672ff314b1d683cb18ca15e0e7dd001d98e/resize(1820,1024,cover,ADdPNihJzmPbNuTnFsH1DqUeqBRpXdSXVVtgJTyDDgscGKrzJuoFjReseeEHvSiqqTRhJVsvjoHYZS2WAdG3m1tir)/source.webp",12
165,Reliant Kore,STARTER / LIGHT FREIGHT,0,Small,2,true,"https://robertsspaceindustries.com/i/ea8fae7b43c8a7bb81b4eb5f64276dffb7b95a2f/resize(1820,1024,cover,ADdPNihJzmPbNuTnFsH1DqUeqBRpXdSXVVtgJTyDDgscGKrzJuoFjReseBjYH9QwVxcVgKCkZxHJedxrQx8RoML7Y)/source.webp",12
142,Fury MX,SNUB FIGHTER,0,Small,1,true,"https://robertsspaceindustries.com/i/8a355f968a9fb8a7a1561f09594de5a53bb520ef/resize(1820,1024,cover,ADdPNihJzmPbNuTnFsH1DqUeqBRpXdSXVVtgJTyDDgscGKrzJuoFjResiedrpVbiTc8HyRzgMr7wjGhHFaUNQBefx)/source.webp",16
144,Guardian MX,HEAVY FIGHTER,0,Small,1,true,"https://robertsspaceindustries.com/i/309b117069175079c3ffd10bdd2d049f3ec21109/resize(1820,1024,cover,ADdPNihJzmPbNuTnFsH1DqUeqBRpXdSXVVtgJTyDDgscGKrzJuoFjResizrRM5jTxuTFgo1xHQEuf9mLWkSATDWeJ)/source.webp",16
145,Guardian QI,HEAVY FIGHTER,0,Small,1,true,"https://robertsspaceindustries.com/i/2483ec23739aa394061b277527f6e3e7f5c5f9f7/resize(1820,1024,cover,ADdPNihJzmPbNuTnFsH1DqUeqBRpXdSXVVtgJTyDDgscGKrzJuoFjResj1ndf4manLs7oQb2QBDyvNe2nWg187tCW)/source.webp",16
166,Reliant Mako,REPORTING,0,Small,2,true,"https://robertsspaceindustries.com/i/4fe83bc8bd0ca21b363933b7076f7ecad9e7dbff/resize(1820,1024,cover,ADdPNihJzmPbNuTnFsH1DqUeqBRpXdSXVVtgJTyDDgscGKrzJuoFjReseYhDYcqx9rCA8CHExTvxfzFUwTV8KX6aA)/source.webp",12
138,P-52 Merlin,SNUB FIGHTER,0,Small,1,true,"https://robertsspaceindustries.com/i/8dececc4f3eb9aef6528e9787a901282df35efb9/resize(1820,1024,cover,ADdPNihJzmPbNuTnFsH1DqUeqBRpXdSXVVtgJTyDDgscGKrzJuoFjResivhwGVUftNgJ5wypSvobRWnKmXUmmce4E)/source.webp",11
162,Hull E,HEAVY FREIGHT,0,Capital,5,false,"https://robertsspaceindustries.com/i/e508950f37c0962bfa3a86bbee2a49b4af2a815c/resize(1820,1024,cover,ADdPNihJzmPbNuTnFsH1DqUeqBRpXdSXVVtgJTyDDgscGKrzJuoFjResjYX8AoSzGvZWyXisKXvXGrmWWbFuRCfuG)/source.webp",12
160,Hull C,HEAVY FREIGHT,0,Large,4,true,"https://robertsspaceindustries.com/i/6e75777fcd9e8bcbae39dd3eb95a759f56a83331/resize(1820,1024,cover,ADdPNihJzmPbNuTnFsH1DqUeqBRpXdSXVVtgJTyDDgscGKrzJuoFjReseBmyghnVEmRQ1qGWVhGUthYBC5hxK5Cb8)/source.webp",12
161,Hull D,HEAVY FREIGHT,0,Capital,5,false,"https://robertsspaceindustries.com/i/195af2372d8b1f5c8468458a6e8fa1aedf2b9a50/resize(1820,1024,cover,ADdPNihJzmPbNuTnFsH1DqUeqBRpXdSXVVtgJTyDDgscGKrzJuoFjReseGuzyu4pRpM27n6RHhMau4SpgRfZtrpLe)/source.webp",12
154,Freelancer,MEDIUM FREIGHT,0,Medium,4,true,"https://robertsspaceindustries.com/i/eae94400f321ac79b60801b8f638b59b014596c0/resize(1820,1024,cover,ADdPNihJzmPbNuTnFsH1DqUeqBRpXdSXVVtgJTyDDgscGKrzJuoFjReskumhWA6r5nzPt54RLffKr4yti7fDf58wp)/source.webp",12
156,Freelancer MAX,MEDIUM FREIGHT,0,Medium,4,true,"https://robertsspaceindustries.com/i/c23c58b95e29c3f0ffb1c5173d5239aa5d807990/resize(1820,1024,cover,ADdPNihJzmPbNuTnFsH1DqUeqBRpXdSXVVtgJTyDDgscGKrzJuoFjResjkUnT3YrmhSyyU6ENLFpx76knojsTnvj8)/source.webp",12
158,Hull A,MEDIUM FREIGHT,0,Small,1,true,"https://robertsspaceindustries.com/i/a9ba88708475a069e74c3ebd44840f1568730111/resize(1820,1024,cover,ADdPNihJzmPbNuTnFsH1DqUeqBRpXdSXVVtgJTyDDgscGKrzJuoFjReseTiWv14XfeGqkvh7qGGd8PsbT6CXSrQ9c)/source.webp",12
152,Expanse,REFINERY,128,Small,1,false,"https://robertsspaceindustries.com/i/741ef4cf2e3afdb9594b2361c4b9c383b89b0829/resize(1820,1024,cover,ADdPNihJzmPbNuTnFsH1DqUeqBRpXdSXVVtgJTyDDgscGKrzJuoFjReskfAiwB65NCsLfMiNpnNGtH6fJUffaK33C)/source.webp",12
164,Prospector,PROSPECTING / MINING,0,Small,1,true,"https://robertsspaceindustries.com/i/2400ab1c3df122ca6fc1d885bd23534cee75e33f/resize(1820,1024,cover,ADdPNihJzmPbNuTnFsH1DqUeqBRpXdSXVVtgJTyDDgscGKrzJuoFjResepos4wbPX17Jsm7jZA9AnYMPMXZ1WqAyc)/source.webp",12
137,STV,TRANSPORT,1,Vehicle,1,true,"https://robertsspaceindustries.com/i/83719471984714efdde559b6f9e936bcf86845ba/resize(1820,1024,cover,ADdPNihJzmPbNuTnFsH1DqUeqBRpXdSXVVtgJTyDDgscGKrzJuoFjReskCv7m8TiAMkonNjPhXV8R6Hb67RxWnqo4)/source.webp",15
172,Starlancer TAC,PATROL,0,Medium,8,true,"https://robertsspaceindustries.com/i/800c29a211e6ec9ac5ae9573cc867bbe312f8470/resize(1820,1024,cover,ADdPNihJzmPbNuTnFsH1DqUeqBRpXdSXVVtgJTyDDgscGKrzJuoFjResj1w3KASs6Cf5fSBCJYkGF9z5AWrGMdiWJ)/source.webp",12
171,Starlancer MAX,MEDIUM FREIGHT,0,-,4,true,"https://robertsspaceindustries.com/i/1d60a72b92e06ea7905b461b75dad4ab03bee83a/resize(1820,1024,cover,ADdPNihJzmPbNuTnFsH1DqUeqBRpXdSXVVtgJTyDDgscGKrzJuoFjReskuqKJR7ahwoCpivELREMemk2AkjkX8G7Q)/source.webp",12
169,Starfarer,HEAVY REFUELLING,291,Large,4,true,"https://robertsspaceindustries.com/i/d7cca35b46beb48d4aa013980371233603508c4c/resize(1820,1024,cover,ADdPNihJzmPbNuTnFsH1DqUeqBRpXdSXVVtgJTyDDgscGKrzJuoFjReskeuE137p6bgGaeFYoGULZMUFr7x7b2ztE)/source.webp",12
170,Starfarer Gemini,HEAVY REFUELLING,0,Large,6,true,"https://robertsspaceindustries.com/i/e1e68c92930b8985842f5296f437a725430badab/resize(1820,1024,cover,ADdPNihJzmPbNuTnFsH1DqUeqBRpXdSXVVtgJTyDDgscGKrzJuoFjResipDV185foxRnreqU2TUBknDwpWfUB7q6N)/source.webp",12
168,Reliant Tana,LIGHT FIGHTER,0,Small,2,true,"https://robertsspaceindustries.com/i/ac002421bd885da62fee1a11ebfe83462d109d9a/resize(1820,1024,cover,ADdPNihJzmPbNuTnFsH1DqUeqBRpXdSXVVtgJTyDDgscGKrzJuoFjReskui898hucVaGeAWgdEYuL85w4WovbbF9G)/source.webp",12
151,Endeavor,HEAVY SCIENCE,500,Capital,3,false,"https://robertsspaceindustries.com/i/3735ad32fa243c41350ff250ff3bbd5a15ca389a/resize(1820,1024,cover,hgjbks2vRxvijgZCkcudyey3yf2YnBqfanX6U636vzzNeeFdx43A2FpB2VsDZB7YNvCzEcXVwpZLUh2qptqc3g5fzN)/source.webp",12
173,100i,STARTER / TOURING,0,Small,1,true,"https://robertsspaceindustries.com/i/f8d0638aa95b6b51f63deda885bd255387b8d5de/resize(1820,1024,cover,ADdPNihJzmPbNuTnFsH1DqUeqBRpXdSXVVtgJTyDDgscGKrzJuoFjResjvfQvZTLBeqr7nxsoca56jsfVMy1KQ5YS)/source.webp",13
174,125a,STARTER / LIGHT FIGHTER,0,Small,1,true,"https://robertsspaceindustries.com/i/275169a858374ce3bcc0fb25639c2b699564c195/resize(1820,1024,cover,ADdPNihJzmPbNuTnFsH1DqUeqBRpXdSXVVtgJTyDDgscGKrzJuoFjResizfriBj3nFqAvDHZZ7vuSG3tmn1HdLmoL)/source.webp",13
175,135c,STARTER / LIGHT FREIGHT,0,Small,1,true,"https://robertsspaceindustries.com/i/4b0a8c6d4546b82b6d5be58b42d4030371d0b013/resize(1820,1024,cover,ADdPNihJzmPbNuTnFsH1DqUeqBRpXdSXVVtgJTyDDgscGKrzJuoFjResj7MzgYTNGKKhv6Hd1NXeTyZyYemNiKSyt)/source.webp",13
176,300i,LUXURY / TOURING,0,Small,1,true,"https://robertsspaceindustries.com/i/cb1d78eed3bcf6ad4cebfce50e1bb16e4e4c0ce1/resize(1820,1024,cover,ADdPNihJzmPbNuTnFsH1DqUeqBRpXdSXVVtgJTyDDgscGKrzJuoFjReseTbcEcvfVXUA2L4LQquCBv3XRgSGhs5Zg)/source.webp",13
177,315p,PATHFINDER,0,Small,1,true,"https://robertsspaceindustries.com/i/5203800ba162e6643ffb71bf3f26dbdc84caf17b/resize(1820,1024,cover,ADdPNihJzmPbNuTnFsH1DqUeqBRpXdSXVVtgJTyDDgscGKrzJuoFjReskP39C2qja4a1SCcPpLtdNcx7BhDJFUZmx)/source.webp",13
178,325a,INTERDICTION / LIGHT FIGHTER,0,Small,1,true,"https://robertsspaceindustries.com/i/16df092bae7e15e28f5ddf8cb661d420fe8d626a/resize(1820,1024,cover,ADdPNihJzmPbNuTnFsH1DqUeqBRpXdSXVVtgJTyDDgscGKrzJuoFjReskJ23FWYyJEzadrDtKz87mfAEoQDHWvg2S)/source.webp",13
179,350r,RACING,0,Small,1,true,"https://robertsspaceindustries.com/i/5a07624df24f8c53225dfc71120250ec64bf2f0e/resize(1820,1024,cover,ADdPNihJzmPbNuTnFsH1DqUeqBRpXdSXVVtgJTyDDgscGKrzJuoFjResjqRzd4VcczH8KK3H3SAgsMrj6ExxrMpge)/source.webp",13
180,400i,TOURING,42,Large,1,true,"https://robertsspaceindustries.com/i/20d8f12f195904112d88a4b87b0ff6a3d65c8c37/resize(1820,1024,cover,ADdPNihJzmPbNuTnFsH1DqUeqBRpXdSXVVtgJTyDDgscGKrzJuoFjReskjDaVPsYfVMpaEXu82p8NG94e9gDqqSYW)/source.webp",13
181,600i Explorer,EXPEDITION,0,Large,5,true,"https://robertsspaceindustries.com/i/bbfd42b3a1a3c30b170da468a56e2ffaec6980e9/resize(1820,1024,cover,ADdPNihJzmPbNuTnFsH1DqUeqBRpXdSXVVtgJTyDDgscGKrzJuoFjResjqeFfVoF43f38XfD8N5eYmrHRC4QsX4aJ)/source.webp",13
182,600i Touring,TOURING,0,Large,5,true,"https://robertsspaceindustries.com/i/de53d42668b4661de434772e8b494046dae3cdf7/resize(1820,1024,cover,ADdPNihJzmPbNuTnFsH1DqUeqBRpXdSXVVtgJTyDDgscGKrzJuoFjReseiKhuNbUh3JWvLgcSm4Ly5DZPG3eT58cW)/source.webp",13
183,85X,TOURING,0,Snub,1,true,"https://robertsspaceindustries.com/i/2959cc931701412648c847748a5d97a8651aa952/resize(1820,1024,cover,ADdPNihJzmPbNuTnFsH1DqUeqBRpXdSXVVtgJTyDDgscGKrzJuoFjReskHxChGNu1HG6cPCRZexaQfXYVmoySwLYv)/source.webp",13
184,890 Jump,LUXURY TOURING,388,Capital,3,true,"https://robertsspaceindustries.com/i/285d258ad5d533e7e336aa939edf4d78ca5b2678/resize(1820,1024,cover,ADdPNihJzmPbNuTnFsH1DqUeqBRpXdSXVVtgJTyDDgscGKrzJuoFjReskN2PtGhQ7i1JD7RWFivT3dm996DXRrinA)/source.webp",13
186,G12a,MILITARY,0,Vehicle,1,false,"https://robertsspaceindustries.com/i/1900910628c5d39c4f6c8a2c98cb3223cd708ce3/resize(1820,1024,cover,ADdPNihJzmPbNuTnFsH1DqUeqBRpXdSXVVtgJTyDDgscGKrzJuoFjReseN3PD8Yei2EPy6cS9ZnRcMmF7kF9ZRb9G)/source.webp",13
185,G12,TOURING,0,Vehicle,1,false,"https://robertsspaceindustries.com/i/c1db72ea5664129382c5835e60bece68e7047abc/resize(1820,1024,cover,ADdPNihJzmPbNuTnFsH1DqUeqBRpXdSXVVtgJTyDDgscGKrzJuoFjResikAxDJUFaGehK6AA3NYU2s6ocp5a3bykz)/source.webp",13
187,M50,RACING,0,Small,1,true,"https://robertsspaceindustries.com/i/5abc4e89e3388222ca37679093b3350c593b7703/resize(1820,1024,cover,ADdPNihJzmPbNuTnFsH1DqUeqBRpXdSXVVtgJTyDDgscGKrzJuoFjReskjH9bLVpUPJbkPVaaQsXhHddNjGfj8HgS)/source.webp",13
188,Apollo Medivac,MEDICAL,0,Large,2,false,"https://robertsspaceindustries.com/i/7a549ca1e7f8ededfa6310cd814123c6e33fa94f/resize(1820,1024,cover,ADdPNihJzmPbNuTnFsH1DqUeqBRpXdSXVVtgJTyDDgscGKrzJuoFjResjf15177EULuHoBPAcD8RDVd5vgvjdAV4a)/source.webp",14
189,Apollo Triage,MEDICAL,0,Large,2,false,"https://robertsspaceindustries.com/i/6b4927ce8cb182829424d515985cbc0c96edf557/resize(1820,1024,cover,ADdPNihJzmPbNuTnFsH1DqUeqBRpXdSXVVtgJTyDDgscGKrzJuoFjReskPHGWikHp7A4gJuynFHLEPKGE3kGM3hci)/source.webp",14
190,Arrastra,MINING / REFINING,576,Large,2,false,"https://robertsspaceindustries.com/i/75f93aebd4a3993b505cab5952c3a2612d246615/resize(1820,1024,cover,ADdPNihJzmPbNuTnFsH1DqUeqBRpXdSXVVtgJTyDDgscGKrzJuoFjReskGqWRY5r2ETXGZ1pbf58H16PhoeqWKwgS)/source.webp",14
191,Aurora CL,LIGHT FREIGHT,0,Small,1,true,"https://robertsspaceindustries.com/i/cd4675f8240211071dfb2cda68249da2c7f7d7fa/resize(1820,1024,cover,ADdPNihJzmPbNuTnFsH1DqUeqBRpXdSXVVtgJTyDDgscGKrzJuoFjReskqUURXDz5coswxJaMxGf2h8orXrGu2nPG)/source.webp",14
192,Aurora ES,STARTER / PATHFINDER,0,Small,1,true,"https://robertsspaceindustries.com/i/c7c7b0118ba6fbee392c78df23af176778731b06/resize(1820,1024,cover,ADdPNihJzmPbNuTnFsH1DqUeqBRpXdSXVVtgJTyDDgscGKrzJuoFjResizh6NGvSRpmsGJPtnccvGjhWyiFtTQvuL)/source.webp",14
193,Aurora LN,LIGHT FIGHTER,0,Small,1,true,"https://robertsspaceindustries.com/i/b3f88577dae48309b3b1236b6cb665efad0ec793/resize(1820,1024,cover,ADdPNihJzmPbNuTnFsH1DqUeqBRpXdSXVVtgJTyDDgscGKrzJuoFjResivY4o9xKVqqAGGCE6ubE9VzqjrDgYVkEz)/source.webp",14
194,Aurora LX,PATHFINDER,0,Small,1,true,"https://robertsspaceindustries.com/i/9f284f904473d32cd36dfb9e6d82f5ccdac48dc8/resize(1820,1024,cover,ADdPNihJzmPbNuTnFsH1DqUeqBRpXdSXVVtgJTyDDgscGKrzJuoFjReseMB2HqJCrzVi7n4jWa6RKuX86vHhuoXYz)/source.webp",14
195,Aurora MR,LIGHT FIGHTER,0,Small,1,true,"https://robertsspaceindustries.com/i/4ebfadb4b8eda5c56f877ed48860940e6759fb3d/resize(1820,1024,cover,ADdPNihJzmPbNuTnFsH1DqUeqBRpXdSXVVtgJTyDDgscGKrzJuoFjResjZaFtjXh6njsETbS8KcP6T4B6ah7yTRUS)/source.webp",14
196,Constellation Andromeda,MEDIUM FREIGHT / GUN SHIP,0,Large,4,true,"https://robertsspaceindustries.com/i/0fbfee17b2bae365cd5ab9e7d9441c1eb9b2196f/resize(1820,1024,cover,ADdPNihJzmPbNuTnFsH1DqUeqBRpXdSXVVtgJTyDDgscGKrzJuoFjReskj9ttp7XXgtHcy38CS9NBZHAKXeVYNAKQ)/source.webp",14
197,Constellation Aquila,EXPEDITION,0,Large,4,true,"https://robertsspaceindustries.com/i/fcfd1ae05d35f21bd3fa6d72042d9f5744279dc2/resize(1820,1024,cover,ADdPNihJzmPbNuTnFsH1DqUeqBRpXdSXVVtgJTyDDgscGKrzJuoFjReskTHwgUVJoAa33Yovz7yaSJ1DKCRaxmBoc)/source.webp",14
198,Constellation Phoenix,LUXURY TOURING,0,Large,4,true,"https://robertsspaceindustries.com/i/de12bc2d0869631061515afcb4d0faab4268c67b/resize(1820,1024,cover,ADdPNihJzmPbNuTnFsH1DqUeqBRpXdSXVVtgJTyDDgscGKrzJuoFjResjUL2eASUiAi8vcmYQ2MGKTpPxWxMSR3Jv)/source.webp",14
199,Constellation Taurus,MEDIUM FREIGHT,0,Large,4,true,"https://robertsspaceindustries.com/i/30976bbcf88aef9986e8eeebae4a208100b8088a/resize(1820,1024,cover,ADdPNihJzmPbNuTnFsH1DqUeqBRpXdSXVVtgJTyDDgscGKrzJuoFjResjkS7XpkFPAkxxXZWS9prx9VUShxcyG3p2)/source.webp",14
200,Galaxy,MODULAR,64,Large,1,false,"https://robertsspaceindustries.com/i/a4272169cfb07660d1e6045b23bd1789d8ff6acf/resize(1820,1024,cover,ADdPNihJzmPbNuTnFsH1DqUeqBRpXdSXVVtgJTyDDgscGKrzJuoFjResiirESnMrW6D9fAWNtn3qYqRC1e4x1yMUS)/source.webp",14
201,Lynx,LUXURY TRANSPORT / EXPLORER,0,Small,2,true,"https://robertsspaceindustries.com/i/954a1426939292a4e7aeb6aa3089562abd3e2c3f/resize(1820,1024,cover,ADdPNihJzmPbNuTnFsH1DqUeqBRpXdSXVVtgJTyDDgscGKrzJuoFjResjj6VNDqWaXXDRPKHA57vY6TZ2WCvwXZin)/source.webp",14
202,Mantis,INTERDICTOR,0,Small,1,true,"https://robertsspaceindustries.com/i/bae32e21338b5dd958fbf9b8ae516b8306c20d17/resize(1820,1024,cover,ADdPNihJzmPbNuTnFsH1DqUeqBRpXdSXVVtgJTyDDgscGKrzJuoFjResjvhkJQG2Y479fwUAWMsuScdWNqgyWMtVt)/source.webp",14
203,Orion,HEAVY MINING,0,Capital,7,false,"https://robertsspaceindustries.com/i/bed5c9e3b6d417d3056b6dabf8f37ef6dca64232/resize(1820,1024,cover,ADdPNihJzmPbNuTnFsH1DqUeqBRpXdSXVVtgJTyDDgscGKrzJuoFjResiisVBYsvtdRnA1UfqpGr22gNgMyVa6hVQ)/source.webp",14
204,Perseus,GUNBOAT,50,Large,6,false,"https://robertsspaceindustries.com/i/c21197844c7702973651eb1f05d6e768fbb7a5fd/resize(1820,1024,cover,ADdPNihJzmPbNuTnFsH1DqUeqBRpXdSXVVtgJTyDDgscGKrzJuoFjReskCi8wTZZ5gSBk5Fpi86i6jrCnpNen1DY2)/source.webp",14
205,Polaris,CORVETTE,576,Capital,6,true,"https://robertsspaceindustries.com/i/8ae451b8e7c2f23574df93fbac8a5dc94df688fb/resize(1820,1024,cover,ADdPNihJzmPbNuTnFsH1DqUeqBRpXdSXVVtgJTyDDgscGKrzJuoFjResjvdsuj4E1TBxYPCwNKBaHDZUcJ54bNLc6)/source.webp",14
206,Scorpius,HEAVY FIGHTER,0,Small,1,true,"https://robertsspaceindustries.com/i/3e91bdb7e1292eb7d8f07b87073b616f6c08355d/resize(1820,1024,cover,ADdPNihJzmPbNuTnFsH1DqUeqBRpXdSXVVtgJTyDDgscGKrzJuoFjResepsDwQ9u3J1woX35mi3qGoXbvfB38svXg)/source.webp",14
207,Scorpius Antares,HEAVY FIGHTER,0,Small,2,true,"https://robertsspaceindustries.com/i/086a250b405bd1cda9ca40831a0ead40d38c48c7/resize(1820,1024,cover,ADdPNihJzmPbNuTnFsH1DqUeqBRpXdSXVVtgJTyDDgscGKrzJuoFjResjNrErHqkcicxt9k7X9SsCAMJUprHF2BQ2)/source.webp",14
208,Ursa,EXPLORATION,0,Small,2,true,"https://robertsspaceindustries.com/i/1baa93c6a56786b022de6b46c1a8c33fa36da6b6/resize(1820,1024,cover,ADdPNihJzmPbNuTnFsH1DqUeqBRpXdSXVVtgJTyDDgscGKrzJuoFjReseM3uUcugp2674rcRWSAagpPVa9SbEyUCE)/source.webp",14
209,Ursa Fortuna,EXPLORATION,0,Vehicle,1,true,"https://robertsspaceindustries.com/i/f241eb36893fa3087a842300f67127f7a433280a/resize(1820,1024,cover,ADdPNihJzmPbNuTnFsH1DqUeqBRpXdSXVVtgJTyDDgscGKrzJuoFjResjBNBJ23W3mEG8ozoUYXBJqa5UXbB8Xogz)/source.webp",14
210,Ursa Medivac,AMBULANCE,0,Small,3,true,"https://robertsspaceindustries.com/i/e2300d8e61b297bcf8be6b739961ea9f441821aa/resize(1820,1024,cover,ADdPNihJzmPbNuTnFsH1DqUeqBRpXdSXVVtgJTyDDgscGKrzJuoFjReseFsCKauuCq4PYvVGFqV37HbFojR9mgHQS)/source.webp",14
211,Zeus Mk II CL,MEDIUM FREIGHT,0,Medium,3,true,"https://robertsspaceindustries.com/i/9332b99fd192960b05497cecb4d67dc5dd88e124/resize(1820,1024,cover,ADdPNihJzmPbNuTnFsH1DqUeqBRpXdSXVVtgJTyDDgscGKrzJuoFjResik2cJboaCTxvZPtFzgLFGe7nq45MrKFVx)/source.webp",14
212,Zeus Mk II ES,EXPEDITION,0,Medium,3,true,"https://robertsspaceindustries.com/i/201b16305598b3f101d78f2cf0f3bbeea5c5fd5f/resize(1820,1024,cover,ADdPNihJzmPbNuTnFsH1DqUeqBRpXdSXVVtgJTyDDgscGKrzJuoFjResivuuXPahoRKgQLW5h1aBypfa8P8Hap7Zg)/source.webp",14
213,Zeus Mk II MR,INTERDICTION,0,Medium,3,false,"https://robertsspaceindustries.com/i/1dc7f0e18d6d6fd2a60cbcd72242cfea1318c043/resize(1820,1024,cover,ADdPNihJzmPbNuTnFsH1DqUeqBRpXdSXVVtgJTyDDgscGKrzJuoFjResk22Znp2LVdS2JMxJFjrYCirRpVc4v9Pzv)/source.webp",14
214,Cyclone,EXPLORATION / RECON,0,Vehicle,2,true,"https://robertsspaceindustries.com/i/90ee2ba95dfca0184aa3a1aa948db503dd2174f8/resize(1820,1024,cover,ADdPNihJzmPbNuTnFsH1DqUeqBRpXdSXVVtgJTyDDgscGKrzJuoFjReskZg8zCsGLYa78po64VaYqfsbxjnkciD9p)/source.webp",17
215,Cyclone AA,ANTI-AIRCRAFT,0,Vehicle,2,true,"https://robertsspaceindustries.com/i/8076b3936abd56c5909191a8f450287f63fa22c4/resize(1820,1024,cover,ADdPNihJzmPbNuTnFsH1DqUeqBRpXdSXVVtgJTyDDgscGKrzJuoFjResf1QQPcJ8reL5taVHdPd12jHTinHiBkZLa)/source.webp",17
216,Cyclone MT,ASSAULT,0,Vehicle,3,true,"https://robertsspaceindustries.com/i/e078279a4adc38c2427c14aa8b6b599232a03bd9/resize(1820,1024,cover,ADdPNihJzmPbNuTnFsH1DqUeqBRpXdSXVVtgJTyDDgscGKrzJuoFjReska4sF4Jmjthby3oaWfcGp3RAXZ2sXnnfG)/source.webp",17
217,Cyclone RC,RACING,0,Vehicle,2,true,"https://robertsspaceindustries.com/i/1d773625ba8047879f39f6dbac1d2d3c80466877/resize(1820,1024,cover,ADdPNihJzmPbNuTnFsH1DqUeqBRpXdSXVVtgJTyDDgscGKrzJuoFjResepucMVaYKd2nZAKmJ9a9UQ9PC9TKzeEeS)/source.webp",17
218,Cyclone RN,RECON,0,Vehicle,2,true,"https://robertsspaceindustries.com/i/34660754908d54903e9a25325d181f248c1a67d7/resize(1820,1024,cover,ADdPNihJzmPbNuTnFsH1DqUeqBRpXdSXVVtgJTyDDgscGKrzJuoFjResf17RScbHmhZMW5NVt2e2sixTQaHNZYva2)/source.webp",17
219,Cyclone TR,COMBAT,0,Vehicle,3,true,"https://robertsspaceindustries.com/i/2cd0f0ef302a104e9049f8580ecc6247295a82f6/resize(1820,1024,cover,ADdPNihJzmPbNuTnFsH1DqUeqBRpXdSXVVtgJTyDDgscGKrzJuoFjResjHeMX4KQtubs1ft9UxmncipirctWZtmSv)/source.webp",17
220,Nova,COMBAT,0,Vehicle,1,true,"https://robertsspaceindustries.com/i/2db9fbed233bbd51205c211f1598543a1137e302/resize(1820,1024,cover,ADdPNihJzmPbNuTnFsH1DqUeqBRpXdSXVVtgJTyDDgscGKrzJuoFjReseiLgxb3pQ5gbyGvNcvnTjqpEMtxrbTXzv)/source.webp",17
221,Ranger CV,TOURING,0,Vehicle,1,false,"https://robertsspaceindustries.com/i/cb9372a344546093df8cad357d8a536f8b68411d/resize(1820,1024,cover,ADdPNihJzmPbNuTnFsH1DqUeqBRpXdSXVVtgJTyDDgscGKrzJuoFjReseH3Qd7shCav1BWchG74sQDq23zWLm3txN)/source.webp",17
222,Ranger RC,RACING,0,Vehicle,1,false,"https://robertsspaceindustries.com/i/b0d508d728dd6d858f390710450e9c1cfb35af25/resize(1820,1024,cover,ADdPNihJzmPbNuTnFsH1DqUeqBRpXdSXVVtgJTyDDgscGKrzJuoFjResetri3LoJRN1ys3QbytxFzJtbwr53ABJ62)/source.webp",17
223,Ranger TR,COMBAT,0,Vehicle,1,false,"https://robertsspaceindustries.com/i/66f8e7da7717c6b3aa1522b9cabd0b267142cbdb/resize(1820,1024,cover,ADdPNihJzmPbNuTnFsH1DqUeqBRpXdSXVVtgJTyDDgscGKrzJuoFjResj1mPB5zoigCCxoe5NAe8g6Ak9JAjpms7t)/source.webp",17
224,Storm,COMBAT SUPPORT,0,Vehicle,1,true,"https://robertsspaceindustries.com/i/3c27118370850da85be980fcecee69364478bcec/resize(1820,1024,cover,ADdPNihJzmPbNuTnFsH1DqUeqBRpXdSXVVtgJTyDDgscGKrzJuoFjResjZs3i5kt5DoxmQ2RRvx2Rh1Dezpgf52Rt)/source.webp",17
225,Storm AA,COMBAT SUPPORT,0,Vehicle,1,true,"https://robertsspaceindustries.com/i/a3ea607a296776a50e8f189013378cb457d0dd89/resize(1820,1024,cover,ADdPNihJzmPbNuTnFsH1DqUeqBRpXdSXVVtgJTyDDgscGKrzJuoFjReskjDGacoXYF6GFUBSrXQAXTc1eFVeygQZt)/source.webp",17
226,Scythe,MEDIUM FIGHTER,0,Small,1,true,"https://robertsspaceindustries.com/i/7f1723a830cbecad82904c64c92b272f397d341a/resize(1820,1024,cover,ADdPNihJzmPbNuTnFsH1DqUeqBRpXdSXVVtgJTyDDgscGKrzJuoFjResjZuSweHytgpsb4fc3t87L1mXJcMGCCVF4)/source.webp",18
